,bb,random,hi_lo,ko,zen,ten,halves,uston
0,1.015,1.0,0.99,0.99,1.015,0.99,1.015,1.015
1,1.005,1.015,0.98,0.98,1.005,0.98,1.03,0.995
2,0.995,1.03,0.995,0.995,1.02,0.995,1.02,0.985
3,0.995,1.03,0.985,1.01,1.035,1.01,1.035,0.975
4,0.985,1.02,0.985,1.0,1.05,1.025,1.025,0.975
5,1.0,1.035,1.0,1.015,1.04,1.04,1.015,0.99
6,1.015,1.015,1.0,1.03,1.055,1.03,1.03,1.005
7,1.015,1.03,0.99,1.02,1.07,1.045,1.045,1.035
8,1.03,1.06,0.98,1.01,1.085,1.06,1.06,1.05
9,1.045,1.04,0.995,1.025,1.1,1.075,1.05,1.03
10,1.025,1.07,0.985,1.025,1.1,1.065,1.065,1.045
11,1.04,1.085,0.975,1.04,1.09,1.055,1.08,1.035
12,1.055,1.1,0.99,1.04,1.105,1.07,1.07,1.05
13,1.07,1.1,1.005,1.055,1.095,1.06,1.085,1.05
14,1.085,1.08,1.02,1.045,1.11,1.05,1.1,1.08
15,1.1,1.095,1.035,1.06,1.1,1.065,1.115,1.06
16,1.08,1.085,1.05,1.05,1.115,1.08,1.13,1.09
17,1.095,1.115,1.04,1.04,1.13,1.07,1.145,1.09
18,1.085,1.145,1.055,1.055,1.145,1.085,1.135,1.105
19,1.075,1.135,1.07,1.045,1.16,1.075,1.15,1.12
20,1.055,1.15,1.085,1.045,1.16,1.09,1.165,1.12
21,1.07,1.15,1.1,1.035,1.175,1.105,1.155,1.135
22,1.1,1.165,1.115,1.05,1.165,1.12,1.145,1.115
23,1.115,1.18,1.13,1.04,1.18,1.135,1.135,1.13
24,1.105,1.16,1.145,1.03,1.195,1.125,1.15,1.11
25,1.12,1.15,1.135,1.03,1.185,1.14,1.165,1.09
26,1.135,1.18,1.125,1.045,1.185,1.155,1.155,1.09
27,1.15,1.16,1.14,1.06,1.2,1.17,1.17,1.09
28,1.14,1.15,1.14,1.06,1.215,1.16,1.185,1.105
29,1.13,1.15,1.13,1.05,1.205,1.15,1.175,1.085
30,1.145,1.15,1.12,1.04,1.22,1.165,1.19,1.1
31,1.135,1.165,1.135,1.03,1.235,1.18,1.18,1.08
32,1.15,1.145,1.15,1.02,1.225,1.195,1.195,1.06
33,1.165,1.16,1.14,1.01,1.24,1.185,1.21,1.05
34,1.165,1.16,1.155,1.0,1.255,1.175,1.225,1.03
35,1.18,1.16,1.17,0.99,1.27,1.165,1.24,1.02
36,1.195,1.19,1.16,0.98,1.285,1.165,1.255,1.01
37,1.21,1.18,1.15,0.995,1.3,1.155,1.255,1.025
38,1.225,1.21,1.165,1.01,1.315,1.145,1.27,1.025
39,1.24,1.24,1.155,1.0,1.33,1.16,1.285,1.015
40,1.255,1.255,1.17,1.015,1.32,1.175,1.3,1.03
41,1.27,1.255,1.16,1.03,1.31,1.19,1.29,1.01
42,1.25,1.245,1.175,1.03,1.325,1.205,1.29,1.04
43,1.265,1.225,1.165,1.045,1.305,1.22,1.29,1.04
44,1.245,1.215,1.155,1.06,1.32,1.22,1.305,1.07
45,1.26,1.23,1.17,1.075,1.335,1.22,1.32,1.07
46,1.25,1.21,1.16,1.09,1.35,1.235,1.335,1.07
47,1.265,1.2,1.15,1.105,1.34,1.225,1.325,1.07
48,1.28,1.19,1.165,1.12,1.33,1.24,1.315,1.05
49,1.27,1.18,1.18,1.135,1.32,1.255,1.305,1.05
50,1.285,1.195,1.195,1.15,1.335,1.255,1.32,1.065
51,1.3,1.21,1.195,1.15,1.35,1.27,1.31,1.055
52,1.29,1.225,1.21,1.165,1.365,1.26,1.325,1.07
53,1.28,1.205,1.225,1.155,1.38,1.26,1.34,1.085
54,1.31,1.22,1.215,1.145,1.37,1.275,1.355,1.075
55,1.34,1.235,1.23,1.16,1.385,1.265,1.345,1.055
56,1.33,1.25,1.22,1.175,1.4,1.255,1.36,1.045
57,1.32,1.25,1.235,1.165,1.4,1.245,1.375,1.035
58,1.3,1.265,1.225,1.18,1.39,1.235,1.365,1.025
59,1.315,1.255,1.24,1.17,1.38,1.225,1.365,1.04
60,1.33,1.255,1.23,1.185,1.395,1.215,1.38,1.03
61,1.32,1.245,1.245,1.2,1.395,1.23,1.38,1.03
62,1.3,1.275,1.26,1.19,1.385,1.22,1.395,1.01
63,1.315,1.255,1.275,1.205,1.4,1.235,1.395,0.99
64,1.33,1.245,1.265,1.195,1.415,1.25,1.385,0.98
65,1.345,1.225,1.265,1.185,1.43,1.24,1.4,1.01
66,1.36,1.24,1.28,1.2,1.42,1.255,1.415,1.0
67,1.375,1.24,1.295,1.215,1.41,1.27,1.43,0.98
68,1.375,1.23,1.31,1.23,1.425,1.26,1.445,0.97
69,1.365,1.22,1.325,1.245,1.44,1.275,1.46,0.95
70,1.38,1.235,1.34,1.26,1.455,1.29,1.475,0.93
71,1.395,1.25,1.355,1.275,1.47,1.28,1.465,0.96
72,1.41,1.28,1.37,1.29,1.485,1.295,1.455,0.94
73,1.44,1.295,1.385,1.305,1.5,1.285,1.445,0.97
74,1.455,1.325,1.4,1.32,1.515,1.3,1.435,0.96
75,1.445,1.315,1.415,1.32,1.53,1.29,1.425,0.99
76,1.475,1.33,1.43,1.31,1.545,1.305,1.415,0.99
77,1.49,1.345,1.42,1.3,1.56,1.32,1.405,1.02
78,1.52,1.36,1.435,1.3,1.55,1.31,1.42,1.01
79,1.52,1.39,1.435,1.315,1.565,1.325,1.435,1.025
80,1.5,1.39,1.45,1.305,1.58,1.315,1.45,1.005
81,1.53,1.405,1.465,1.32,1.595,1.33,1.45,1.02
82,1.52,1.435,1.48,1.31,1.61,1.345,1.465,1.02
83,1.535,1.45,1.48,1.325,1.625,1.36,1.48,1.02
84,1.55,1.48,1.47,1.34,1.64,1.375,1.495,1.01
85,1.565,1.495,1.46,1.33,1.64,1.375,1.51,1.01
86,1.555,1.51,1.45,1.345,1.63,1.365,1.525,0.99
87,1.585,1.54,1.44,1.335,1.645,1.38,1.54,0.97
88,1.6,1.53,1.455,1.35,1.66,1.395,1.54,0.96
89,1.615,1.51,1.47,1.34,1.675,1.41,1.555,0.96
90,1.63,1.51,1.46,1.34,1.69,1.425,1.57,0.94
91,1.66,1.51,1.45,1.355,1.705,1.44,1.585,0.92
92,1.675,1.5,1.44,1.345,1.72,1.43,1.6,0.92
93,1.655,1.49,1.455,1.36,1.71,1.42,1.615,0.92
94,1.645,1.52,1.445,1.35,1.725,1.41,1.605,0.935
95,1.645,1.535,1.435,1.365,1.74,1.4,1.595,0.95
96,1.66,1.55,1.45,1.38,1.755,1.415,1.61,0.93
97,1.675,1.53,1.465,1.37,1.77,1.405,1.6,0.91
98,1.655,1.51,1.455,1.36,1.76,1.42,1.59,0.9
99,1.655,1.51,1.455,1.375,1.75,1.435,1.605,0.9
100,1.015,1.015,1.015,1.015,0.99,1.015,1.0,0.99
101,1.015,1.03,1.03,1.03,0.99,1.03,1.015,1.005
102,1.03,1.06,1.045,1.045,1.005,1.02,1.005,0.995
103,1.06,1.05,1.06,1.035,1.005,1.035,1.02,0.975
104,1.075,1.03,1.075,1.05,1.02,1.05,1.01,0.955
105,1.09,1.045,1.09,1.065,1.035,1.04,1.025,0.945
106,1.105,1.045,1.08,1.08,1.025,1.03,1.04,0.935
107,1.105,1.035,1.07,1.095,1.04,1.045,1.055,0.965
108,1.095,1.05,1.06,1.11,1.055,1.06,1.055,0.955
109,1.11,1.08,1.075,1.1,1.07,1.075,1.055,0.985
110,1.125,1.08,1.09,1.09,1.06,1.065,1.07,1.015
111,1.105,1.11,1.105,1.105,1.075,1.08,1.085,0.995
112,1.135,1.1,1.12,1.12,1.065,1.095,1.075,0.975
113,1.115,1.1,1.135,1.11,1.055,1.085,1.065,0.955
114,1.095,1.1,1.135,1.125,1.07,1.075,1.065,0.945
115,1.11,1.115,1.15,1.115,1.06,1.075,1.08,0.935
116,1.125,1.115,1.165,1.13,1.05,1.075,1.095,0.95
117,1.14,1.13,1.18,1.145,1.04,1.065,1.085,0.965
118,1.13,1.145,1.195,1.16,1.055,1.055,1.1,0.955
119,1.16,1.16,1.21,1.15,1.055,1.045,1.115,0.945
120,1.175,1.16,1.2,1.14,1.07,1.035,1.13,0.96
121,1.19,1.15,1.215,1.13,1.06,1.05,1.145,0.96
122,1.205,1.15,1.23,1.12,1.075,1.065,1.135,0.975
123,1.235,1.165,1.22,1.11,1.09,1.065,1.125,0.965
124,1.25,1.18,1.235,1.11,1.08,1.055,1.14,0.945
125,1.28,1.17,1.225,1.1,1.07,1.045,1.155,0.96
126,1.295,1.2,1.24,1.09,1.06,1.06,1.17,0.975
127,1.325,1.215,1.24,1.08,1.05,1.075,1.16,1.005
128,1.355,1.195,1.255,1.095,1.065,1.065,1.16,0.985
129,1.37,1.225,1.27,1.11,1.08,1.08,1.175,0.985
130,1.37,1.205,1.26,1.1,1.095,1.07,1.19,1.0
131,1.385,1.195,1.25,1.09,1.11,1.085,1.205,0.98
132,1.4,1.185,1.24,1.105,1.125,1.1,1.195,0.995
133,1.43,1.165,1.23,1.12,1.14,1.1,1.185,1.01
134,1.43,1.165,1.22,1.12,1.155,1.115,1.175,1.0
135,1.42,1.165,1.235,1.11,1.145,1.105,1.19,1.015
136,1.435,1.145,1.25,1.1,1.16,1.095,1.18,1.015
137,1.45,1.16,1.265,1.115,1.175,1.085,1.195,1.03
138,1.44,1.175,1.28,1.13,1.165,1.1,1.195,1.06
139,1.455,1.175,1.28,1.145,1.18,1.115,1.185,1.05
140,1.445,1.19,1.27,1.16,1.17,1.105,1.175,1.065
141,1.435,1.22,1.285,1.175,1.185,1.12,1.165,1.08
142,1.45,1.235,1.3,1.19,1.175,1.135,1.155,1.095
143,1.465,1.225,1.315,1.205,1.165,1.125,1.17,1.075
144,1.48,1.215,1.33,1.22,1.18,1.14,1.185,1.09
145,1.47,1.205,1.345,1.21,1.195,1.155,1.2,1.08
146,1.46,1.22,1.36,1.225,1.21,1.145,1.215,1.11
147,1.46,1.2,1.35,1.24,1.225,1.16,1.23,1.1
148,1.44,1.19,1.34,1.24,1.215,1.175,1.245,1.09
149,1.455,1.17,1.33,1.23,1.23,1.165,1.26,1.12
150,1.47,1.185,1.345,1.245,1.245,1.165,1.275,1.12
151,1.485,1.175,1.36,1.235,1.235,1.155,1.29,1.135
152,1.5,1.205,1.375,1.25,1.25,1.17,1.305,1.15
153,1.53,1.22,1.39,1.265,1.24,1.17,1.32,1.18
154,1.53,1.22,1.38,1.265,1.255,1.185,1.31,1.195
155,1.545,1.235,1.38,1.28,1.27,1.175,1.3,1.185
156,1.525,1.215,1.395,1.27,1.285,1.165,1.315,1.175
157,1.54,1.23,1.41,1.285,1.3,1.155,1.305,1.19
158,1.555,1.245,1.4,1.3,1.29,1.17,1.295,1.19
159,1.57,1.275,1.415,1.315,1.28,1.17,1.31,1.18
160,1.585,1.265,1.43,1.305,1.295,1.185,1.325,1.21
161,1.6,1.295,1.445,1.32,1.295,1.2,1.315,1.19
162,1.63,1.295,1.46,1.31,1.285,1.19,1.33,1.17
163,1.645,1.285,1.475,1.325,1.275,1.205,1.32,1.185
164,1.66,1.275,1.465,1.315,1.265,1.22,1.32,1.2
165,1.675,1.275,1.455,1.33,1.28,1.22,1.335,1.215
166,1.705,1.29,1.47,1.345,1.295,1.235,1.35,1.245
167,1.735,1.305,1.485,1.335,1.285,1.25,1.365,1.245
168,1.765,1.32,1.5,1.35,1.3,1.24,1.38,1.235
169,1.78,1.31,1.515,1.365,1.315,1.255,1.37,1.225
170,1.81,1.3,1.53,1.38,1.315,1.245,1.36,1.225
171,1.825,1.315,1.545,1.395,1.305,1.235,1.36,1.205
172,1.84,1.33,1.535,1.395,1.32,1.225,1.375,1.22
173,1.83,1.32,1.525,1.385,1.31,1.24,1.375,1.235
174,1.845,1.3,1.515,1.4,1.325,1.255,1.39,1.215
175,1.835,1.33,1.53,1.39,1.315,1.27,1.405,1.245
176,1.865,1.32,1.52,1.38,1.305,1.285,1.42,1.275
177,1.88,1.335,1.51,1.395,1.295,1.3,1.435,1.305
178,1.86,1.315,1.525,1.385,1.31,1.29,1.45,1.335
179,1.89,1.315,1.54,1.375,1.3,1.305,1.465,1.35
180,1.89,1.305,1.555,1.39,1.3,1.32,1.48,1.35
181,1.89,1.32,1.57,1.39,1.29,1.31,1.47,1.35
182,1.89,1.3,1.585,1.405,1.305,1.325,1.46,1.365
183,1.89,1.315,1.6,1.395,1.32,1.315,1.45,1.365
184,1.89,1.295,1.59,1.385,1.335,1.315,1.465,1.365
185,1.88,1.31,1.605,1.385,1.35,1.33,1.465,1.395
186,1.895,1.31,1.62,1.4,1.34,1.33,1.455,1.395
187,1.885,1.325,1.61,1.39,1.355,1.32,1.47,1.41
188,1.9,1.355,1.625,1.405,1.335,1.31,1.485,1.41
189,1.89,1.37,1.64,1.395,1.325,1.3,1.5,1.44
190,1.905,1.35,1.63,1.41,1.34,1.315,1.515,1.43
191,1.905,1.35,1.62,1.425,1.34,1.305,1.515,1.46
192,1.935,1.34,1.635,1.425,1.355,1.295,1.505,1.475
193,1.95,1.34,1.65,1.415,1.37,1.295,1.495,1.465
194,1.965,1.33,1.65,1.415,1.385,1.31,1.51,1.455
195,1.98,1.345,1.665,1.43,1.375,1.3,1.525,1.47
196,1.995,1.325,1.68,1.445,1.365,1.315,1.54,1.47
197,2.01,1.325,1.695,1.435,1.355,1.33,1.555,1.47
198,2.025,1.315,1.71,1.45,1.37,1.345,1.57,1.485
199,2.04,1.33,1.725,1.44,1.385,1.335,1.56,1.485
200,1.015,1.015,0.99,1.015,0.99,0.99,1.015,1.015
201,1.005,1.03,1.005,1.005,0.98,0.99,1.03,1.005
202,1.02,1.02,1.02,1.005,0.97,1.005,1.02,0.985
203,1.035,1.035,1.035,0.995,0.985,1.005,1.01,0.975
204,1.05,1.065,1.025,1.01,0.975,1.02,1.025,0.955
205,1.065,1.08,1.04,1.025,0.99,1.035,1.04,0.97
206,1.055,1.11,1.055,1.015,0.98,1.05,1.055,0.96
207,1.085,1.14,1.07,1.03,0.995,1.04,1.045,0.95
208,1.1,1.155,1.07,1.02,0.985,1.055,1.06,0.93
209,1.115,1.145,1.085,1.035,1.0,1.07,1.05,0.92
210,1.095,1.145,1.075,1.05,0.99,1.07,1.04,0.92
211,1.085,1.16,1.065,1.065,1.005,1.06,1.03,0.95
212,1.1,1.19,1.08,1.055,0.995,1.05,1.02,0.965
213,1.1,1.22,1.095,1.07,1.01,1.05,1.035,0.955
214,1.08,1.235,1.11,1.085,1.025,1.04,1.05,0.935
215,1.06,1.215,1.1,1.1,1.04,1.03,1.065,0.965
216,1.075,1.215,1.115,1.115,1.055,1.02,1.08,0.965
217,1.065,1.245,1.105,1.13,1.07,1.01,1.095,0.945
218,1.095,1.275,1.095,1.145,1.085,1.0,1.095,0.925
219,1.125,1.29,1.11,1.16,1.075,1.015,1.11,0.915
220,1.14,1.305,1.125,1.175,1.065,1.03,1.1,0.905
221,1.155,1.295,1.14,1.19,1.08,1.045,1.115,0.905
222,1.17,1.285,1.155,1.205,1.095,1.06,1.115,0.935
223,1.185,1.285,1.155,1.22,1.11,1.05,1.13,0.95
224,1.175,1.285,1.145,1.235,1.125,1.065,1.145,0.98
225,1.205,1.265,1.16,1.25,1.14,1.055,1.16,0.97
226,1.22,1.255,1.175,1.265,1.155,1.045,1.15,1.0
227,1.21,1.255,1.19,1.255,1.17,1.06,1.165,0.98
228,1.21,1.245,1.18,1.27,1.185,1.05,1.155,1.01
229,1.24,1.225,1.195,1.285,1.175,1.065,1.17,1.025
230,1.255,1.24,1.21,1.3,1.19,1.065,1.185,1.04
231,1.285,1.255,1.225,1.315,1.18,1.08,1.2,1.055
232,1.3,1.245,1.24,1.305,1.17,1.07,1.19,1.035
233,1.29,1.275,1.23,1.295,1.185,1.085,1.205,1.065
234,1.305,1.305,1.245,1.31,1.2,1.085,1.195,1.045
235,1.32,1.32,1.26,1.3,1.215,1.1,1.21,1.045
236,1.335,1.32,1.275,1.29,1.205,1.115,1.225,1.045
237,1.35,1.35,1.29,1.28,1.195,1.13,1.24,1.075
238,1.35,1.365,1.305,1.295,1.185,1.13,1.23,1.075
239,1.365,1.365,1.32,1.285,1.2,1.145,1.22,1.065
240,1.395,1.355,1.335,1.3,1.215,1.16,1.235,1.095
241,1.41,1.37,1.35,1.315,1.23,1.175,1.225,1.11
242,1.425,1.37,1.365,1.33,1.245,1.165,1.215,1.125
243,1.44,1.35,1.38,1.32,1.245,1.155,1.205,1.125
244,1.455,1.33,1.395,1.31,1.26,1.17,1.22,1.155
245,1.47,1.36,1.385,1.325,1.275,1.185,1.21,1.135
246,1.5,1.375,1.4,1.315,1.29,1.2,1.2,1.115
247,1.48,1.39,1.39,1.305,1.28,1.215,1.19,1.115
248,1.495,1.38,1.38,1.32,1.295,1.205,1.205,1.13
249,1.51,1.41,1.395,1.335,1.31,1.22,1.22,1.12
250,1.5,1.425,1.41,1.35,1.325,1.21,1.235,1.12
251,1.515,1.44,1.425,1.34,1.315,1.225,1.225,1.11
252,1.545,1.42,1.44,1.355,1.33,1.215,1.215,1.1
253,1.575,1.45,1.43,1.345,1.32,1.205,1.205,1.13
254,1.59,1.465,1.42,1.335,1.31,1.22,1.195,1.16
255,1.57,1.48,1.435,1.35,1.31,1.235,1.195,1.19
256,1.57,1.495,1.45,1.365,1.3,1.225,1.21,1.17
257,1.585,1.51,1.45,1.38,1.315,1.215,1.2,1.15
258,1.6,1.51,1.465,1.395,1.315,1.205,1.215,1.18
259,1.615,1.49,1.48,1.41,1.315,1.195,1.23,1.17
260,1.595,1.48,1.495,1.425,1.33,1.21,1.245,1.15
261,1.575,1.48,1.495,1.415,1.345,1.225,1.235,1.165
262,1.59,1.48,1.51,1.405,1.335,1.24,1.25,1.195
263,1.57,1.48,1.5,1.395,1.325,1.255,1.265,1.21
264,1.585,1.47,1.515,1.41,1.34,1.27,1.28,1.19
265,1.575,1.46,1.53,1.4,1.33,1.285,1.295,1.22
266,1.59,1.475,1.545,1.415,1.32,1.3,1.285,1.22
267,1.605,1.465,1.56,1.43,1.335,1.315,1.275,1.235
268,1.62,1.48,1.575,1.445,1.35,1.315,1.275,1.265
269,1.635,1.495,1.59,1.435,1.35,1.33,1.29,1.28
270,1.635,1.51,1.605,1.425,1.34,1.345,1.305,1.31
271,1.65,1.5,1.605,1.425,1.355,1.335,1.32,1.325
272,1.665,1.515,1.62,1.425,1.345,1.35,1.335,1.34
273,1.68,1.53,1.635,1.44,1.335,1.34,1.325,1.355
274,1.695,1.545,1.65,1.455,1.325,1.355,1.34,1.355
275,1.725,1.545,1.665,1.47,1.315,1.37,1.355,1.37
276,1.715,1.545,1.68,1.46,1.33,1.36,1.37,1.4
277,1.745,1.56,1.695,1.475,1.345,1.375,1.385,1.38
278,1.725,1.575,1.71,1.475,1.36,1.375,1.375,1.395
279,1.74,1.59,1.725,1.49,1.35,1.39,1.365,1.425
280,1.755,1.62,1.715,1.48,1.365,1.405,1.38,1.415
281,1.745,1.635,1.73,1.48,1.355,1.395,1.38,1.395
282,1.76,1.625,1.745,1.47,1.37,1.41,1.395,1.425
283,1.775,1.605,1.735,1.46,1.385,1.4,1.385,1.415
284,1.79,1.605,1.725,1.46,1.375,1.415,1.375,1.395
285,1.805,1.595,1.74,1.45,1.375,1.405,1.39,1.395
286,1.82,1.625,1.73,1.465,1.39,1.395,1.38,1.375
287,1.82,1.64,1.72,1.48,1.405,1.41,1.37,1.365
288,1.8,1.64,1.735,1.495,1.395,1.425,1.385,1.365
289,1.815,1.655,1.725,1.485,1.41,1.44,1.4,1.38
290,1.795,1.645,1.74,1.475,1.425,1.43,1.39,1.41
291,1.775,1.675,1.755,1.465,1.415,1.445,1.405,1.4
292,1.765,1.665,1.77,1.48,1.43,1.46,1.42,1.39
293,1.795,1.665,1.785,1.47,1.445,1.475,1.435,1.39
294,1.775,1.68,1.775,1.485,1.46,1.49,1.45,1.37
295,1.805,1.695,1.79,1.485,1.475,1.505,1.44,1.385
296,1.835,1.725,1.78,1.5,1.465,1.505,1.455,1.4
297,1.85,1.74,1.795,1.515,1.48,1.505,1.445,1.4
298,1.865,1.755,1.81,1.53,1.495,1.495,1.46,1.415
299,1.88,1.755,1.825,1.52,1.495,1.485,1.475,1.395
300,1.015,1.03,1.015,0.99,1.015,1.015,1.015,1.03
301,1.03,1.01,1.005,0.98,1.015,1.03,1.005,1.045
302,1.03,0.99,1.02,0.995,1.005,1.02,1.02,1.075
303,1.03,0.98,1.02,1.01,1.02,1.035,1.035,1.09
304,1.02,0.97,1.035,1.025,1.035,1.05,1.05,1.07
305,1.035,0.985,1.025,1.015,1.05,1.05,1.065,1.085
306,1.065,1.0,1.04,1.005,1.04,1.065,1.065,1.1
307,1.055,1.0,1.03,0.995,1.055,1.065,1.055,1.09
308,1.085,1.015,1.045,1.01,1.07,1.055,1.045,1.12
309,1.115,1.005,1.06,1.01,1.085,1.045,1.06,1.135
310,1.115,1.005,1.05,1.01,1.1,1.06,1.075,1.135
311,1.13,0.985,1.065,1.025,1.115,1.06,1.065,1.115
312,1.145,0.985,1.08,1.04,1.13,1.075,1.055,1.105
313,1.135,1.0,1.07,1.03,1.12,1.075,1.07,1.085
314,1.165,0.99,1.06,1.045,1.135,1.065,1.085,1.1
315,1.155,0.97,1.05,1.06,1.15,1.055,1.1,1.115
316,1.17,0.95,1.065,1.05,1.165,1.07,1.1,1.105
317,1.185,0.965,1.055,1.065,1.165,1.085,1.115,1.105
318,1.215,0.955,1.045,1.08,1.155,1.1,1.13,1.12
319,1.245,0.945,1.045,1.095,1.17,1.09,1.145,1.11
320,1.26,0.96,1.06,1.11,1.16,1.08,1.16,1.125
321,1.26,0.94,1.075,1.1,1.15,1.095,1.175,1.105
322,1.275,0.92,1.09,1.09,1.13,1.085,1.19,1.085
323,1.29,0.91,1.105,1.08,1.12,1.1,1.18,1.085
324,1.305,0.89,1.095,1.095,1.12,1.09,1.18,1.085
325,1.285,0.87,1.11,1.085,1.12,1.105,1.18,1.1
326,1.275,0.86,1.125,1.075,1.135,1.095,1.195,1.13
327,1.265,0.89,1.14,1.09,1.15,1.11,1.21,1.145
328,1.295,0.87,1.155,1.105,1.165,1.125,1.2,1.145
329,1.325,0.885,1.145,1.095,1.18,1.14,1.2,1.175
330,1.34,0.875,1.135,1.11,1.195,1.155,1.215,1.205
331,1.355,0.855,1.125,1.125,1.185,1.145,1.23,1.205
332,1.345,0.87,1.125,1.14,1.175,1.16,1.245,1.235
333,1.375,0.85,1.14,1.155,1.19,1.15,1.26,1.235
334,1.39,0.83,1.155,1.17,1.18,1.165,1.25,1.25
335,1.39,0.83,1.145,1.17,1.195,1.155,1.265,1.25
336,1.405,0.81,1.16,1.185,1.21,1.17,1.28,1.28
337,1.42,0.8,1.15,1.175,1.225,1.17,1.28,1.295
338,1.45,0.79,1.165,1.165,1.24,1.16,1.27,1.325
339,1.465,0.79,1.155,1.18,1.255,1.16,1.26,1.315
340,1.48,0.805,1.145,1.195,1.245,1.16,1.25,1.315
341,1.495,0.805,1.16,1.21,1.235,1.175,1.24,1.33
342,1.51,0.82,1.175,1.225,1.25,1.165,1.255,1.33
343,1.5,0.82,1.19,1.24,1.24,1.18,1.245,1.345
344,1.515,0.8,1.205,1.255,1.27,1.18,1.26,1.36
345,1.53,0.83,1.195,1.27,1.26,1.195,1.25,1.35
346,1.545,0.845,1.185,1.285,1.275,1.185,1.265,1.38
347,1.56,0.86,1.2,1.3,1.265,1.175,1.28,1.36
348,1.575,0.86,1.2,1.315,1.28,1.19,1.295,1.375
349,1.59,0.89,1.215,1.33,1.295,1.205,1.31,1.405
350,1.605,0.88,1.205,1.345,1.285,1.22,1.31,1.395
351,1.585,0.895,1.22,1.335,1.275,1.21,1.3,1.425
352,1.6,0.875,1.235,1.35,1.265,1.2,1.315,1.415
353,1.615,0.865,1.25,1.365,1.28,1.215,1.305,1.395
354,1.63,0.845,1.265,1.38,1.27,1.23,1.295,1.385
355,1.645,0.835,1.255,1.395,1.285,1.22,1.31,1.4
356,1.66,0.825,1.245,1.395,1.275,1.21,1.3,1.43
357,1.69,0.84,1.235,1.41,1.275,1.2,1.315,1.43
358,1.705,0.84,1.225,1.425,1.275,1.215,1.33,1.445
359,1.72,0.855,1.24,1.44,1.265,1.23,1.345,1.445
360,1.72,0.845,1.23,1.43,1.28,1.245,1.345,1.46
361,1.71,0.86,1.245,1.42,1.27,1.26,1.36,1.475
362,1.725,0.875,1.26,1.41,1.285,1.25,1.36,1.49
363,1.74,0.89,1.275,1.425,1.3,1.265,1.375,1.505
364,1.755,0.92,1.29,1.44,1.315,1.28,1.365,1.535
365,1.77,0.91,1.305,1.43,1.33,1.27,1.355,1.55
366,1.785,0.925,1.32,1.445,1.345,1.285,1.345,1.58
367,1.785,0.955,1.31,1.46,1.335,1.275,1.36,1.56
368,1.8,0.97,1.325,1.475,1.35,1.29,1.375,1.54
369,1.815,1.0,1.34,1.465,1.365,1.305,1.39,1.555
370,1.83,1.015,1.355,1.48,1.395,1.32,1.38,1.555
371,1.845,1.03,1.355,1.47,1.41,1.32,1.395,1.545
372,1.825,1.045,1.345,1.485,1.425,1.335,1.385,1.545
373,1.84,1.075,1.36,1.5,1.44,1.35,1.4,1.56
374,1.84,1.075,1.375,1.49,1.44,1.365,1.39,1.56
375,1.83,1.105,1.365,1.48,1.455,1.38,1.405,1.54
376,1.82,1.12,1.38,1.495,1.47,1.395,1.395,1.54
377,1.835,1.135,1.395,1.51,1.46,1.41,1.41,1.555
378,1.85,1.115,1.41,1.525,1.475,1.425,1.41,1.585
379,1.84,1.145,1.425,1.54,1.475,1.425,1.425,1.615
380,1.855,1.16,1.44,1.555,1.49,1.44,1.44,1.595
381,1.87,1.15,1.43,1.545,1.505,1.455,1.455,1.61
382,1.86,1.18,1.445,1.535,1.495,1.455,1.445,1.59
383,1.85,1.17,1.46,1.525,1.485,1.445,1.435,1.57
384,1.865,1.185,1.475,1.54,1.475,1.46,1.45,1.56
385,1.865,1.2,1.465,1.555,1.49,1.45,1.465,1.59
386,1.88,1.215,1.455,1.57,1.505,1.44,1.48,1.605
387,1.895,1.23,1.47,1.56,1.495,1.455,1.495,1.62
388,1.91,1.26,1.47,1.56,1.51,1.445,1.485,1.635
389,1.925,1.24,1.485,1.575,1.5,1.46,1.5,1.65
390,1.94,1.255,1.5,1.59,1.515,1.45,1.49,1.63
391,1.955,1.285,1.515,1.605,1.53,1.45,1.505,1.62
392,1.945,1.3,1.505,1.62,1.545,1.465,1.505,1.6
393,1.96,1.29,1.52,1.635,1.56,1.48,1.505,1.63
394,1.975,1.28,1.535,1.65,1.55,1.495,1.505,1.66
395,1.955,1.26,1.525,1.665,1.565,1.51,1.495,1.65
396,1.955,1.26,1.515,1.68,1.58,1.525,1.485,1.64
397,1.935,1.25,1.53,1.695,1.58,1.515,1.475,1.67
398,1.95,1.24,1.53,1.685,1.57,1.505,1.49,1.685
399,1.965,1.22,1.545,1.685,1.585,1.52,1.505,1.675
400,1.03,1.015,0.99,0.99,1.015,0.99,1.015,1.0
401,1.045,1.005,1.005,0.98,1.005,1.005,1.03,1.03
402,1.06,1.005,1.02,0.995,0.995,0.995,1.045,1.03
403,1.075,0.995,1.035,0.995,1.01,0.985,1.06,1.03
404,1.09,0.995,1.025,1.01,1.025,1.0,1.075,1.01
405,1.105,0.975,1.015,1.01,1.04,1.015,1.065,0.99
406,1.12,0.965,1.03,1.025,1.055,1.03,1.08,1.005
407,1.11,0.98,1.02,1.04,1.07,1.02,1.07,1.02
408,1.11,0.97,1.01,1.055,1.085,1.035,1.07,1.05
409,1.09,0.985,1.025,1.07,1.1,1.05,1.085,1.03
410,1.105,1.0,1.04,1.085,1.09,1.065,1.075,1.01
411,1.12,1.015,1.055,1.085,1.08,1.055,1.065,1.04
412,1.11,0.995,1.07,1.1,1.07,1.07,1.055,1.055
413,1.11,0.985,1.085,1.115,1.07,1.085,1.07,1.07
414,1.125,1.015,1.075,1.13,1.085,1.1,1.085,1.05
415,1.155,1.005,1.065,1.145,1.1,1.115,1.075,1.04
416,1.135,1.02,1.08,1.16,1.09,1.13,1.075,1.03
417,1.15,1.035,1.07,1.15,1.105,1.12,1.09,1.03
418,1.165,1.05,1.085,1.165,1.12,1.135,1.08,1.06
419,1.18,1.065,1.1,1.155,1.135,1.15,1.07,1.075
420,1.17,1.08,1.115,1.17,1.125,1.165,1.085,1.09
421,1.16,1.095,1.13,1.185,1.115,1.18,1.075,1.12
422,1.175,1.11,1.145,1.185,1.13,1.17,1.065,1.15
423,1.175,1.1,1.16,1.2,1.145,1.185,1.055,1.13
424,1.19,1.115,1.175,1.215,1.135,1.175,1.045,1.145
425,1.17,1.13,1.165,1.23,1.15,1.19,1.06,1.16
426,1.185,1.13,1.18,1.245,1.165,1.205,1.075,1.16
427,1.2,1.145,1.195,1.26,1.155,1.205,1.09,1.19
428,1.215,1.16,1.195,1.26,1.145,1.195,1.105,1.22
429,1.205,1.16,1.21,1.275,1.135,1.185,1.095,1.22
430,1.205,1.15,1.225,1.29,1.125,1.2,1.11,1.25
431,1.185,1.14,1.215,1.305,1.14,1.215,1.125,1.25
432,1.2,1.155,1.23,1.32,1.155,1.205,1.125,1.28
433,1.18,1.17,1.245,1.335,1.17,1.22,1.14,1.26
434,1.195,1.2,1.245,1.325,1.185,1.22,1.155,1.29
435,1.21,1.2,1.245,1.34,1.2,1.235,1.145,1.28
436,1.225,1.19,1.26,1.355,1.215,1.225,1.135,1.31
437,1.225,1.18,1.275,1.345,1.205,1.24,1.125,1.3
438,1.215,1.21,1.29,1.36,1.22,1.255,1.14,1.29
439,1.23,1.24,1.305,1.35,1.21,1.245,1.13,1.32
440,1.245,1.27,1.32,1.365,1.225,1.245,1.145,1.335
441,1.235,1.26,1.335,1.38,1.24,1.245,1.16,1.335
442,1.25,1.275,1.35,1.395,1.255,1.26,1.175,1.335
443,1.24,1.265,1.365,1.385,1.245,1.25,1.19,1.335
444,1.255,1.28,1.365,1.4,1.26,1.265,1.205,1.35
445,1.27,1.27,1.365,1.39,1.275,1.255,1.22,1.33
446,1.285,1.27,1.355,1.405,1.29,1.27,1.235,1.32
447,1.265,1.285,1.355,1.42,1.305,1.285,1.25,1.35
448,1.28,1.275,1.345,1.435,1.295,1.3,1.265,1.33
449,1.295,1.265,1.36,1.45,1.31,1.29,1.28,1.32
450,1.285,1.255,1.35,1.465,1.325,1.305,1.27,1.31
451,1.3,1.245,1.365,1.48,1.315,1.32,1.285,1.29
452,1.29,1.225,1.38,1.495,1.295,1.335,1.3,1.27
453,1.29,1.205,1.395,1.51,1.31,1.35,1.3,1.285
454,1.32,1.22,1.41,1.5,1.325,1.365,1.315,1.285
455,1.335,1.22,1.425,1.49,1.34,1.38,1.33,1.285
456,1.35,1.21,1.44,1.505,1.33,1.37,1.345,1.265
457,1.34,1.2,1.455,1.52,1.345,1.385,1.335,1.28
458,1.355,1.215,1.445,1.52,1.335,1.4,1.35,1.27
459,1.37,1.23,1.435,1.51,1.35,1.39,1.34,1.3
460,1.385,1.245,1.45,1.525,1.34,1.405,1.355,1.315
461,1.4,1.275,1.44,1.515,1.355,1.42,1.345,1.295
462,1.38,1.305,1.455,1.53,1.37,1.435,1.345,1.295
463,1.395,1.305,1.455,1.545,1.385,1.425,1.36,1.295
464,1.41,1.32,1.47,1.535,1.375,1.415,1.375,1.31
465,1.425,1.335,1.485,1.55,1.365,1.415,1.365,1.325
466,1.44,1.35,1.475,1.565,1.38,1.43,1.355,1.305
467,1.455,1.365,1.49,1.555,1.37,1.445,1.345,1.285
468,1.47,1.355,1.505,1.57,1.385,1.46,1.36,1.275
469,1.485,1.335,1.52,1.585,1.375,1.475,1.375,1.29
470,1.5,1.315,1.535,1.575,1.375,1.49,1.39,1.29
471,1.515,1.315,1.55,1.59,1.39,1.505,1.38,1.27
472,1.53,1.33,1.55,1.605,1.405,1.52,1.37,1.285
473,1.545,1.345,1.565,1.62,1.42,1.535,1.36,1.285
474,1.56,1.36,1.565,1.62,1.435,1.55,1.375,1.315
475,1.55,1.36,1.555,1.62,1.45,1.565,1.375,1.295
476,1.54,1.36,1.57,1.635,1.465,1.555,1.365,1.325
477,1.53,1.36,1.585,1.65,1.48,1.57,1.38,1.305
478,1.545,1.36,1.575,1.65,1.495,1.57,1.395,1.305
479,1.56,1.34,1.565,1.64,1.51,1.585,1.41,1.335
480,1.575,1.34,1.555,1.63,1.525,1.575,1.425,1.315
481,1.605,1.355,1.545,1.63,1.515,1.565,1.44,1.295
482,1.62,1.37,1.56,1.63,1.53,1.555,1.455,1.295
483,1.635,1.37,1.575,1.645,1.545,1.57,1.47,1.295
484,1.625,1.35,1.59,1.66,1.56,1.56,1.485,1.31
485,1.655,1.365,1.605,1.66,1.575,1.575,1.5,1.3
486,1.67,1.395,1.62,1.66,1.59,1.565,1.49,1.315
487,1.66,1.385,1.62,1.675,1.58,1.58,1.48,1.305
488,1.675,1.415,1.635,1.69,1.58,1.57,1.495,1.335
489,1.655,1.395,1.65,1.69,1.57,1.56,1.51,1.365
490,1.645,1.395,1.64,1.705,1.585,1.55,1.5,1.38
491,1.66,1.375,1.63,1.72,1.6,1.565,1.515,1.37
492,1.65,1.355,1.62,1.71,1.59,1.58,1.53,1.385
493,1.64,1.37,1.635,1.725,1.605,1.595,1.52,1.4
494,1.655,1.385,1.65,1.74,1.605,1.61,1.535,1.39
495,1.67,1.4,1.65,1.755,1.595,1.625,1.55,1.42
496,1.685,1.415,1.64,1.745,1.585,1.64,1.565,1.41
497,1.7,1.445,1.655,1.745,1.6,1.63,1.555,1.39
498,1.715,1.475,1.67,1.745,1.6,1.645,1.57,1.405
499,1.73,1.505,1.66,1.735,1.615,1.66,1.585,1.435
500,0.99,0.99,1.015,1.015,0.99,1.015,1.015,0.99
501,0.98,1.005,1.03,1.03,1.005,1.005,1.005,0.99
502,1.01,1.005,1.045,1.045,1.02,0.995,0.995,0.98
503,1.025,1.02,1.045,1.06,1.01,0.985,0.985,0.995
504,1.015,1.02,1.035,1.05,1.0,0.975,1.0,1.01
505,1.03,1.035,1.025,1.065,1.0,0.99,0.99,1.0
506,1.02,1.035,1.015,1.08,0.99,0.98,1.005,1.0
507,1.01,1.025,1.03,1.07,0.98,0.995,1.02,1.015
508,1.025,1.04,1.045,1.085,1.01,1.01,1.035,1.005
509,1.04,1.055,1.06,1.1,0.99,1.025,1.05,1.005
510,1.055,1.085,1.075,1.09,1.005,1.015,1.04,0.995
511,1.07,1.1,1.09,1.08,1.02,1.005,1.04,1.025
512,1.06,1.13,1.08,1.07,1.035,0.995,1.04,1.005
513,1.09,1.13,1.095,1.085,1.025,1.01,1.04,1.035
514,1.105,1.12,1.085,1.1,1.04,1.025,1.055,1.015
515,1.095,1.135,1.075,1.09,1.055,1.015,1.07,0.995
516,1.085,1.165,1.09,1.09,1.055,1.03,1.06,1.025
517,1.1,1.18,1.105,1.105,1.07,1.045,1.05,1.04
518,1.09,1.21,1.12,1.105,1.06,1.035,1.065,1.03
519,1.12,1.225,1.11,1.12,1.075,1.05,1.08,1.02
520,1.11,1.215,1.1,1.135,1.09,1.065,1.095,1.035
521,1.125,1.23,1.115,1.15,1.105,1.08,1.11,1.05
522,1.14,1.22,1.115,1.165,1.12,1.07,1.1,1.065
523,1.155,1.21,1.105,1.18,1.11,1.085,1.115,1.055
524,1.185,1.19,1.095,1.17,1.125,1.085,1.13,1.045
525,1.2,1.19,1.095,1.185,1.14,1.1,1.13,1.035
526,1.215,1.205,1.11,1.185,1.155,1.115,1.12,1.035
527,1.23,1.235,1.1,1.2,1.17,1.105,1.11,1.065
528,1.245,1.25,1.09,1.19,1.16,1.095,1.125,1.055
529,1.235,1.24,1.08,1.18,1.15,1.11,1.115,1.045
530,1.25,1.23,1.07,1.195,1.14,1.125,1.13,1.06
531,1.265,1.22,1.07,1.185,1.13,1.115,1.13,1.075
532,1.255,1.235,1.06,1.175,1.12,1.105,1.12,1.075
533,1.27,1.225,1.075,1.165,1.135,1.12,1.11,1.065
534,1.3,1.24,1.09,1.165,1.15,1.135,1.125,1.065
535,1.315,1.255,1.105,1.155,1.13,1.15,1.125,1.095
536,1.33,1.27,1.095,1.17,1.12,1.165,1.125,1.11
537,1.32,1.285,1.11,1.16,1.135,1.18,1.115,1.11
538,1.335,1.265,1.125,1.175,1.15,1.195,1.105,1.14
539,1.35,1.255,1.115,1.175,1.14,1.185,1.095,1.155
540,1.34,1.245,1.13,1.165,1.155,1.175,1.11,1.145
541,1.32,1.225,1.12,1.155,1.17,1.175,1.125,1.125
542,1.31,1.24,1.135,1.17,1.185,1.165,1.14,1.155
543,1.325,1.23,1.125,1.185,1.2,1.18,1.13,1.145
544,1.305,1.21,1.14,1.175,1.19,1.195,1.145,1.135
545,1.32,1.2,1.155,1.19,1.205,1.195,1.16,1.15
546,1.335,1.19,1.17,1.18,1.22,1.185,1.15,1.165
547,1.35,1.17,1.185,1.195,1.21,1.2,1.165,1.18
548,1.35,1.17,1.2,1.21,1.2,1.19,1.18,1.18
549,1.365,1.185,1.215,1.225,1.19,1.205,1.17,1.195
550,1.38,1.2,1.205,1.24,1.205,1.22,1.185,1.175
551,1.37,1.18,1.22,1.255,1.195,1.235,1.2,1.165
552,1.385,1.21,1.235,1.27,1.195,1.225,1.215,1.155
553,1.375,1.19,1.225,1.26,1.185,1.24,1.205,1.145
554,1.39,1.205,1.24,1.275,1.2,1.23,1.22,1.135
555,1.405,1.22,1.255,1.265,1.19,1.245,1.235,1.165
556,1.435,1.235,1.27,1.28,1.205,1.235,1.225,1.155
557,1.45,1.25,1.27,1.295,1.195,1.25,1.24,1.17
558,1.465,1.28,1.285,1.285,1.21,1.265,1.255,1.185
559,1.495,1.295,1.3,1.275,1.2,1.28,1.245,1.2
560,1.525,1.325,1.3,1.265,1.19,1.27,1.235,1.215
561,1.54,1.355,1.29,1.28,1.205,1.27,1.225,1.195
562,1.555,1.385,1.28,1.28,1.22,1.26,1.24,1.21
563,1.57,1.375,1.295,1.295,1.21,1.25,1.23,1.21
564,1.56,1.365,1.285,1.285,1.2,1.265,1.245,1.21
565,1.575,1.355,1.3,1.3,1.19,1.255,1.235,1.225
566,1.59,1.37,1.315,1.29,1.205,1.27,1.25,1.225
567,1.605,1.37,1.33,1.29,1.22,1.26,1.265,1.24
568,1.62,1.36,1.345,1.305,1.235,1.275,1.255,1.23
569,1.61,1.34,1.36,1.32,1.25,1.29,1.27,1.23
570,1.59,1.34,1.35,1.31,1.24,1.305,1.285,1.26
571,1.605,1.33,1.365,1.3,1.24,1.305,1.275,1.275
572,1.62,1.33,1.355,1.315,1.255,1.295,1.265,1.265
573,1.635,1.31,1.345,1.33,1.27,1.31,1.28,1.295
574,1.65,1.31,1.36,1.33,1.26,1.325,1.295,1.295
575,1.665,1.325,1.375,1.345,1.25,1.325,1.31,1.275
576,1.68,1.315,1.39,1.36,1.265,1.34,1.3,1.305
577,1.695,1.315,1.405,1.375,1.28,1.355,1.29,1.295
578,1.71,1.345,1.395,1.39,1.295,1.37,1.28,1.285
579,1.69,1.325,1.385,1.405,1.285,1.385,1.295,1.315
580,1.72,1.325,1.375,1.395,1.3,1.375,1.31,1.315
581,1.71,1.315,1.39,1.41,1.29,1.39,1.31,1.315
582,1.725,1.33,1.39,1.425,1.305,1.405,1.3,1.33
583,1.715,1.345,1.405,1.44,1.32,1.42,1.315,1.33
584,1.73,1.375,1.42,1.455,1.335,1.435,1.33,1.33
585,1.745,1.365,1.41,1.47,1.325,1.435,1.33,1.33
586,1.76,1.38,1.41,1.485,1.34,1.45,1.32,1.345
587,1.775,1.395,1.4,1.475,1.33,1.44,1.335,1.36
588,1.79,1.385,1.39,1.49,1.32,1.43,1.325,1.35
589,1.78,1.415,1.38,1.48,1.335,1.42,1.34,1.33
590,1.795,1.43,1.395,1.495,1.35,1.41,1.355,1.345
591,1.785,1.42,1.41,1.51,1.34,1.425,1.37,1.36
592,1.8,1.45,1.425,1.525,1.33,1.44,1.385,1.36
593,1.815,1.465,1.44,1.54,1.345,1.455,1.4,1.34
594,1.83,1.48,1.455,1.53,1.36,1.455,1.415,1.355
595,1.845,1.48,1.47,1.545,1.36,1.47,1.43,1.37
596,1.86,1.495,1.46,1.56,1.35,1.485,1.445,1.385
597,1.875,1.485,1.475,1.56,1.35,1.5,1.46,1.415
598,1.89,1.5,1.49,1.55,1.34,1.49,1.475,1.395
599,1.905,1.515,1.48,1.565,1.355,1.48,1.49,1.395
600,1.015,1.03,0.99,1.015,1.015,0.99,1.015,0.99
601,1.03,1.045,1.005,1.03,1.015,1.005,1.03,0.99
602,1.045,1.06,1.02,1.02,1.005,1.02,1.045,0.99
603,1.035,1.06,1.035,1.035,1.02,1.01,1.035,0.98
604,1.05,1.06,1.05,1.025,1.035,1.0,1.05,1.01
605,1.065,1.075,1.04,1.015,1.05,0.99,1.065,1.0
606,1.055,1.105,1.055,1.03,1.065,0.99,1.08,1.0
607,1.07,1.12,1.07,1.045,1.055,0.98,1.095,0.98
608,1.07,1.135,1.085,1.06,1.07,0.98,1.085,0.96
609,1.085,1.115,1.1,1.05,1.06,0.995,1.1,0.96
610,1.1,1.13,1.115,1.065,1.075,0.985,1.09,0.96
611,1.13,1.145,1.13,1.08,1.09,0.975,1.105,0.94
612,1.16,1.175,1.145,1.095,1.105,0.975,1.12,0.94
613,1.175,1.175,1.135,1.11,1.12,0.99,1.11,0.955
614,1.205,1.155,1.125,1.11,1.135,1.005,1.1,0.945
615,1.195,1.17,1.14,1.125,1.125,1.02,1.115,0.975
616,1.185,1.15,1.155,1.115,1.115,1.035,1.105,0.965
617,1.175,1.15,1.17,1.105,1.13,1.05,1.12,0.945
618,1.175,1.14,1.185,1.095,1.13,1.065,1.11,0.945
619,1.155,1.155,1.175,1.085,1.145,1.055,1.125,0.935
620,1.17,1.185,1.165,1.1,1.16,1.055,1.14,0.925
621,1.16,1.175,1.18,1.09,1.175,1.07,1.155,0.94
622,1.175,1.19,1.17,1.105,1.19,1.07,1.17,0.97
623,1.19,1.205,1.16,1.095,1.205,1.085,1.185,0.985
624,1.17,1.235,1.175,1.085,1.22,1.075,1.185,0.965
625,1.15,1.215,1.19,1.1,1.21,1.09,1.2,0.98
626,1.165,1.215,1.205,1.115,1.2,1.105,1.215,0.98
627,1.18,1.195,1.195,1.105,1.215,1.12,1.205,0.995
628,1.195,1.21,1.21,1.12,1.205,1.12,1.22,0.985
629,1.225,1.225,1.2,1.135,1.22,1.11,1.235,1.0
630,1.255,1.255,1.215,1.15,1.235,1.125,1.25,1.015
631,1.27,1.255,1.23,1.165,1.225,1.14,1.265,0.995
632,1.285,1.27,1.245,1.18,1.225,1.155,1.255,0.975
633,1.3,1.26,1.26,1.195,1.24,1.17,1.245,0.99
634,1.315,1.26,1.275,1.21,1.255,1.185,1.235,0.97
635,1.33,1.26,1.29,1.225,1.245,1.185,1.25,0.985
636,1.32,1.24,1.305,1.215,1.235,1.2,1.24,0.985
637,1.335,1.27,1.295,1.205,1.225,1.215,1.24,1.0
638,1.325,1.27,1.31,1.22,1.24,1.215,1.23,1.0
639,1.315,1.285,1.325,1.21,1.23,1.23,1.245,0.99
640,1.33,1.285,1.34,1.2,1.22,1.245,1.26,1.005
641,1.345,1.285,1.355,1.19,1.235,1.26,1.275,1.005
642,1.36,1.285,1.37,1.205,1.235,1.25,1.265,0.995
643,1.375,1.3,1.37,1.195,1.25,1.265,1.255,0.995
644,1.375,1.29,1.36,1.195,1.25,1.255,1.27,1.025
645,1.365,1.305,1.35,1.21,1.265,1.27,1.285,1.015
646,1.38,1.305,1.34,1.21,1.255,1.285,1.275,1.015
647,1.395,1.285,1.34,1.2,1.27,1.3,1.29,1.005
648,1.41,1.3,1.355,1.215,1.285,1.29,1.28,1.035
649,1.425,1.315,1.345,1.23,1.275,1.305,1.295,1.05
650,1.44,1.33,1.36,1.22,1.29,1.295,1.285,1.03
651,1.44,1.31,1.375,1.21,1.28,1.31,1.3,1.02
652,1.43,1.29,1.365,1.225,1.295,1.325,1.315,1.05
653,1.445,1.305,1.38,1.215,1.31,1.34,1.305,1.08
654,1.445,1.32,1.395,1.23,1.325,1.355,1.295,1.095
655,1.46,1.335,1.41,1.22,1.34,1.37,1.31,1.125
656,1.475,1.35,1.425,1.235,1.33,1.36,1.3,1.105
657,1.49,1.35,1.415,1.225,1.32,1.375,1.315,1.135
658,1.505,1.33,1.405,1.225,1.335,1.365,1.33,1.135
659,1.505,1.33,1.42,1.225,1.325,1.355,1.345,1.15
660,1.535,1.33,1.41,1.24,1.34,1.345,1.36,1.18
661,1.55,1.32,1.4,1.23,1.355,1.36,1.375,1.18
662,1.54,1.335,1.39,1.22,1.37,1.375,1.365,1.18
663,1.555,1.365,1.405,1.235,1.385,1.365,1.355,1.18
664,1.57,1.355,1.42,1.225,1.375,1.38,1.37,1.195
665,1.56,1.37,1.435,1.24,1.365,1.37,1.36,1.185
666,1.575,1.385,1.45,1.255,1.38,1.36,1.35,1.215
667,1.59,1.365,1.45,1.27,1.37,1.35,1.365,1.23
668,1.58,1.355,1.44,1.26,1.385,1.35,1.365,1.245
669,1.57,1.335,1.43,1.275,1.375,1.35,1.365,1.235
670,1.585,1.325,1.42,1.29,1.39,1.34,1.355,1.225
671,1.565,1.355,1.41,1.29,1.38,1.355,1.37,1.225
672,1.58,1.355,1.4,1.29,1.38,1.345,1.385,1.215
673,1.56,1.37,1.39,1.28,1.395,1.36,1.4,1.215
674,1.575,1.4,1.405,1.295,1.41,1.375,1.39,1.215
675,1.575,1.415,1.395,1.295,1.4,1.375,1.405,1.215
676,1.59,1.445,1.41,1.31,1.4,1.365,1.42,1.23
677,1.62,1.425,1.4,1.3,1.4,1.38,1.41,1.22
678,1.635,1.455,1.415,1.315,1.39,1.395,1.4,1.235
679,1.665,1.455,1.405,1.305,1.405,1.385,1.39,1.225
680,1.68,1.47,1.405,1.32,1.395,1.375,1.405,1.255
681,1.67,1.45,1.405,1.335,1.385,1.365,1.395,1.255
682,1.685,1.465,1.42,1.35,1.4,1.38,1.395,1.235
683,1.7,1.445,1.41,1.365,1.39,1.395,1.385,1.235
684,1.69,1.445,1.4,1.38,1.38,1.41,1.4,1.225
685,1.68,1.46,1.39,1.395,1.395,1.41,1.415,1.255
686,1.68,1.49,1.405,1.385,1.41,1.425,1.43,1.235
687,1.67,1.505,1.395,1.385,1.425,1.44,1.42,1.235
688,1.685,1.52,1.41,1.4,1.415,1.43,1.41,1.25
689,1.7,1.51,1.425,1.39,1.43,1.445,1.4,1.25
690,1.715,1.525,1.44,1.405,1.43,1.46,1.39,1.25
691,1.715,1.555,1.455,1.42,1.445,1.45,1.38,1.24
692,1.73,1.535,1.47,1.435,1.46,1.465,1.37,1.24
693,1.72,1.55,1.485,1.45,1.475,1.48,1.36,1.255
694,1.735,1.54,1.5,1.44,1.49,1.495,1.375,1.245
695,1.75,1.555,1.515,1.43,1.48,1.51,1.39,1.275
696,1.74,1.555,1.515,1.445,1.47,1.5,1.405,1.265
697,1.755,1.555,1.515,1.46,1.485,1.49,1.395,1.265
698,1.735,1.545,1.505,1.475,1.5,1.49,1.41,1.255
699,1.765,1.525,1.52,1.49,1.49,1.48,1.425,1.285
700,1.03,0.99,0.99,1.0,1.0,1.015,0.99,0.98
701,1.01,0.98,0.98,1.015,1.015,1.03,1.005,0.98
702,1.04,0.995,0.995,1.005,1.005,1.045,1.02,0.995
703,1.055,1.01,0.985,1.02,1.02,1.06,1.035,1.01
704,1.045,1.025,1.0,1.035,1.035,1.05,1.05,0.99
705,1.06,1.015,0.99,1.05,1.025,1.04,1.065,0.98
706,1.05,1.015,0.98,1.065,1.04,1.03,1.055,0.995
707,1.04,1.005,0.995,1.08,1.055,1.02,1.07,0.995
708,1.055,0.995,1.01,1.095,1.07,1.035,1.07,0.995
709,1.07,1.01,1.025,1.11,1.06,1.025,1.06,0.975
710,1.085,1.0,1.015,1.11,1.075,1.015,1.075,0.965
711,1.1,1.015,1.03,1.125,1.09,1.03,1.09,0.955
712,1.09,1.03,1.045,1.14,1.08,1.045,1.105,0.945
713,1.12,1.045,1.035,1.14,1.095,1.045,1.12,0.935
714,1.135,1.06,1.035,1.155,1.11,1.06,1.135,0.965
715,1.15,1.075,1.05,1.17,1.125,1.05,1.15,0.945
716,1.165,1.055,1.065,1.16,1.14,1.04,1.14,0.935
717,1.18,1.045,1.08,1.175,1.13,1.03,1.13,0.925
718,1.17,1.025,1.095,1.19,1.145,1.045,1.145,0.915
719,1.185,1.055,1.11,1.205,1.135,1.035,1.16,0.93
720,1.175,1.07,1.125,1.22,1.125,1.05,1.175,0.92
721,1.19,1.07,1.115,1.235,1.14,1.05,1.175,0.9
722,1.205,1.085,1.13,1.25,1.14,1.065,1.19,0.93
723,1.195,1.065,1.145,1.24,1.155,1.055,1.205,0.91
724,1.185,1.08,1.16,1.255,1.17,1.045,1.195,0.9
725,1.2,1.095,1.175,1.27,1.185,1.035,1.21,0.89
726,1.215,1.085,1.19,1.285,1.2,1.025,1.225,0.92
727,1.23,1.085,1.18,1.3,1.2,1.015,1.215,0.935
728,1.245,1.115,1.195,1.315,1.2,1.03,1.23,0.95
729,1.235,1.13,1.21,1.315,1.215,1.02,1.23,0.93
730,1.25,1.12,1.2,1.33,1.205,1.01,1.245,0.92
731,1.28,1.15,1.215,1.345,1.195,1.0,1.235,0.92
732,1.295,1.165,1.23,1.36,1.185,1.0,1.225,0.95
733,1.31,1.18,1.245,1.375,1.175,0.99,1.215,0.95
734,1.31,1.195,1.235,1.365,1.19,1.005,1.23,0.98
735,1.325,1.195,1.25,1.355,1.18,1.005,1.23,0.995
736,1.34,1.185,1.265,1.345,1.195,1.005,1.22,0.975
737,1.355,1.185,1.28,1.345,1.185,0.995,1.21,0.99
738,1.37,1.185,1.27,1.335,1.2,0.985,1.2,1.02
739,1.385,1.215,1.285,1.35,1.19,0.975,1.215,1.0
740,1.385,1.215,1.3,1.365,1.205,0.965,1.23,0.99
741,1.375,1.215,1.315,1.38,1.205,0.98,1.245,1.005
742,1.39,1.195,1.33,1.37,1.195,0.97,1.235,0.985
743,1.405,1.21,1.345,1.36,1.21,0.985,1.25,1.015
744,1.42,1.19,1.36,1.375,1.225,0.985,1.265,1.005
745,1.435,1.205,1.375,1.365,1.24,1.0,1.28,0.985
746,1.465,1.22,1.39,1.355,1.255,0.99,1.295,1.015
747,1.495,1.2,1.38,1.37,1.245,0.98,1.295,1.005
748,1.525,1.215,1.37,1.36,1.26,0.98,1.285,0.995
749,1.54,1.205,1.385,1.35,1.275,0.97,1.285,1.025
750,1.555,1.195,1.375,1.34,1.29,0.985,1.3,1.025
751,1.57,1.175,1.39,1.34,1.305,0.975,1.315,1.025
752,1.585,1.165,1.405,1.33,1.32,0.965,1.305,1.005
753,1.575,1.155,1.405,1.345,1.335,0.955,1.295,1.02
754,1.555,1.155,1.42,1.345,1.315,0.97,1.31,1.05
755,1.57,1.145,1.41,1.345,1.315,0.985,1.325,1.03
756,1.585,1.145,1.4,1.36,1.33,1.0,1.315,1.02
757,1.6,1.16,1.415,1.375,1.32,1.015,1.33,1.035
758,1.615,1.175,1.405,1.365,1.335,1.005,1.345,1.05
759,1.615,1.175,1.395,1.38,1.35,1.02,1.36,1.065
760,1.63,1.165,1.395,1.395,1.365,1.01,1.375,1.08
761,1.62,1.18,1.385,1.41,1.38,1.025,1.39,1.11
762,1.65,1.17,1.385,1.4,1.395,1.015,1.405,1.125
763,1.665,1.17,1.375,1.415,1.41,1.005,1.395,1.105
764,1.665,1.185,1.365,1.415,1.4,1.02,1.385,1.095
765,1.68,1.215,1.38,1.415,1.415,1.035,1.4,1.11
766,1.67,1.245,1.395,1.43,1.405,1.025,1.415,1.09
767,1.685,1.235,1.41,1.445,1.42,1.04,1.43,1.12
768,1.675,1.225,1.4,1.46,1.41,1.055,1.445,1.12
769,1.705,1.205,1.39,1.475,1.4,1.07,1.46,1.11
770,1.695,1.22,1.405,1.475,1.415,1.085,1.475,1.11
771,1.685,1.2,1.42,1.465,1.405,1.1,1.49,1.09
772,1.675,1.215,1.435,1.455,1.395,1.115,1.49,1.08
773,1.655,1.195,1.45,1.445,1.41,1.13,1.49,1.06
774,1.645,1.195,1.465,1.46,1.425,1.145,1.505,1.04
775,1.635,1.21,1.455,1.475,1.425,1.16,1.52,1.04
776,1.625,1.2,1.445,1.49,1.415,1.16,1.51,1.07
777,1.615,1.2,1.46,1.505,1.43,1.15,1.525,1.085
778,1.63,1.18,1.475,1.52,1.445,1.165,1.515,1.075
779,1.61,1.17,1.465,1.51,1.46,1.18,1.505,1.065
780,1.625,1.17,1.48,1.51,1.475,1.195,1.495,1.055
781,1.605,1.2,1.495,1.525,1.49,1.21,1.485,1.07
782,1.62,1.19,1.51,1.54,1.505,1.2,1.475,1.06
783,1.635,1.205,1.525,1.53,1.52,1.215,1.49,1.075
784,1.615,1.22,1.515,1.52,1.535,1.205,1.505,1.105
785,1.605,1.21,1.515,1.51,1.525,1.22,1.505,1.135
786,1.585,1.2,1.53,1.5,1.525,1.21,1.495,1.165
787,1.585,1.23,1.545,1.515,1.515,1.225,1.51,1.165
788,1.575,1.21,1.56,1.53,1.505,1.24,1.525,1.155
789,1.59,1.2,1.575,1.545,1.495,1.255,1.515,1.17
790,1.57,1.215,1.565,1.56,1.51,1.27,1.505,1.16
791,1.55,1.215,1.58,1.575,1.525,1.26,1.52,1.15
792,1.565,1.205,1.595,1.565,1.515,1.275,1.52,1.14
793,1.555,1.205,1.61,1.58,1.53,1.29,1.535,1.14
794,1.57,1.195,1.625,1.57,1.545,1.305,1.525,1.155
795,1.585,1.225,1.615,1.585,1.56,1.32,1.54,1.145
796,1.6,1.215,1.605,1.6,1.55,1.335,1.555,1.175
797,1.615,1.245,1.605,1.615,1.565,1.325,1.57,1.165
798,1.63,1.26,1.595,1.605,1.555,1.34,1.57,1.155
799,1.66,1.275,1.61,1.595,1.555,1.355,1.56,1.155
800,0.99,1.015,0.99,1.015,0.99,1.015,1.015,1.0
801,0.99,1.03,1.005,1.005,0.98,1.03,1.005,1.0
802,0.98,1.045,1.02,1.02,0.995,1.045,1.02,0.99
803,0.97,1.025,1.035,1.035,0.995,1.06,1.01,0.98
804,0.985,1.04,1.05,1.025,0.985,1.06,1.025,0.98
805,1.0,1.03,1.04,1.04,1.0,1.075,1.04,0.995
806,1.015,1.02,1.03,1.055,0.99,1.075,1.055,0.975
807,1.03,1.035,1.02,1.07,0.98,1.075,1.045,0.955
808,1.02,1.065,1.035,1.06,0.97,1.075,1.06,0.985
809,1.035,1.045,1.05,1.075,0.96,1.065,1.05,1.0
810,1.065,1.06,1.065,1.065,0.95,1.08,1.04,0.98
811,1.08,1.075,1.065,1.055,0.965,1.07,1.055,1.01
812,1.095,1.065,1.055,1.07,0.955,1.06,1.055,1.01
813,1.085,1.08,1.07,1.06,0.945,1.05,1.045,1.04
814,1.1,1.095,1.06,1.05,0.945,1.065,1.06,1.07
815,1.115,1.125,1.05,1.04,0.96,1.055,1.06,1.05
816,1.105,1.115,1.04,1.055,0.975,1.07,1.06,1.04
817,1.12,1.13,1.03,1.045,0.99,1.085,1.05,1.03
818,1.135,1.12,1.045,1.06,0.98,1.075,1.065,1.02
819,1.135,1.135,1.06,1.075,0.97,1.09,1.08,1.05
820,1.125,1.15,1.075,1.065,0.96,1.08,1.07,1.04
821,1.14,1.15,1.09,1.055,0.975,1.095,1.085,1.07
822,1.155,1.14,1.105,1.045,0.99,1.11,1.1,1.085
823,1.145,1.13,1.12,1.035,0.99,1.125,1.09,1.115
824,1.135,1.12,1.135,1.05,0.98,1.115,1.08,1.115
825,1.15,1.11,1.15,1.065,0.995,1.13,1.07,1.145
826,1.165,1.11,1.165,1.055,1.01,1.12,1.085,1.16
827,1.18,1.125,1.155,1.07,1.0,1.135,1.075,1.175
828,1.16,1.14,1.17,1.085,0.99,1.125,1.09,1.175
829,1.175,1.155,1.185,1.075,1.005,1.14,1.105,1.175
830,1.19,1.135,1.2,1.09,0.995,1.155,1.12,1.175
831,1.205,1.15,1.19,1.105,1.01,1.145,1.11,1.165
832,1.22,1.15,1.19,1.105,1.025,1.145,1.125,1.18
833,1.21,1.14,1.205,1.12,1.015,1.16,1.115,1.195
834,1.225,1.13,1.195,1.135,1.005,1.15,1.105,1.225
835,1.24,1.145,1.21,1.125,1.02,1.165,1.12,1.215
836,1.27,1.175,1.225,1.14,1.01,1.18,1.135,1.205
837,1.285,1.165,1.24,1.13,1.025,1.17,1.15,1.22
838,1.3,1.155,1.255,1.145,1.04,1.16,1.14,1.25
839,1.315,1.145,1.245,1.145,1.055,1.175,1.13,1.265
840,1.295,1.125,1.26,1.135,1.07,1.165,1.12,1.28
841,1.31,1.155,1.275,1.15,1.085,1.18,1.11,1.28
842,1.31,1.17,1.29,1.165,1.1,1.195,1.1,1.27
843,1.325,1.17,1.28,1.18,1.09,1.21,1.09,1.285
844,1.355,1.185,1.295,1.195,1.08,1.225,1.105,1.265
845,1.345,1.175,1.285,1.21,1.095,1.24,1.12,1.255
846,1.345,1.155,1.3,1.225,1.11,1.255,1.12,1.245
847,1.36,1.17,1.315,1.24,1.125,1.255,1.11,1.225
848,1.375,1.17,1.305,1.255,1.115,1.27,1.125,1.205
849,1.39,1.15,1.305,1.27,1.13,1.27,1.14,1.195
850,1.405,1.165,1.32,1.27,1.12,1.285,1.155,1.195
851,1.395,1.18,1.31,1.26,1.135,1.3,1.17,1.185
852,1.375,1.16,1.325,1.275,1.15,1.29,1.16,1.185
853,1.355,1.15,1.315,1.29,1.165,1.305,1.16,1.185
854,1.335,1.18,1.33,1.305,1.18,1.295,1.15,1.2
855,1.335,1.195,1.345,1.295,1.17,1.31,1.14,1.19
856,1.325,1.185,1.345,1.285,1.16,1.3,1.13,1.18
857,1.34,1.2,1.36,1.275,1.16,1.29,1.13,1.195
858,1.355,1.19,1.35,1.265,1.175,1.28,1.145,1.175
859,1.37,1.17,1.365,1.28,1.165,1.27,1.135,1.165
860,1.385,1.15,1.38,1.295,1.18,1.285,1.15,1.195
861,1.385,1.13,1.37,1.31,1.195,1.3,1.165,1.195
862,1.375,1.12,1.37,1.325,1.185,1.29,1.155,1.195
863,1.39,1.1,1.385,1.34,1.2,1.305,1.145,1.195
864,1.42,1.115,1.4,1.355,1.2,1.32,1.16,1.175
865,1.435,1.13,1.39,1.37,1.19,1.335,1.175,1.165
866,1.425,1.11,1.405,1.385,1.205,1.325,1.19,1.18
867,1.455,1.125,1.395,1.4,1.22,1.34,1.18,1.17
868,1.435,1.105,1.41,1.415,1.235,1.34,1.17,1.15
869,1.45,1.085,1.4,1.43,1.235,1.355,1.17,1.15
870,1.44,1.1,1.39,1.42,1.225,1.355,1.16,1.15
871,1.455,1.09,1.405,1.435,1.24,1.345,1.175,1.18
872,1.47,1.105,1.395,1.45,1.255,1.36,1.19,1.17
873,1.47,1.12,1.41,1.465,1.245,1.375,1.205,1.17
874,1.46,1.12,1.41,1.48,1.26,1.39,1.22,1.17
875,1.45,1.135,1.4,1.47,1.25,1.405,1.21,1.17
876,1.44,1.125,1.4,1.485,1.265,1.42,1.225,1.185
877,1.44,1.115,1.39,1.475,1.265,1.41,1.215,1.175
878,1.455,1.13,1.405,1.465,1.28,1.4,1.205,1.19
879,1.47,1.12,1.42,1.48,1.295,1.415,1.195,1.18
880,1.45,1.12,1.41,1.495,1.31,1.43,1.195,1.17
881,1.465,1.11,1.425,1.51,1.3,1.445,1.185,1.185
882,1.495,1.125,1.415,1.525,1.33,1.46,1.175,1.2
883,1.51,1.125,1.43,1.54,1.32,1.475,1.19,1.215
884,1.51,1.105,1.445,1.555,1.335,1.49,1.18,1.195
885,1.525,1.085,1.46,1.57,1.335,1.505,1.17,1.225
886,1.54,1.075,1.45,1.56,1.35,1.52,1.16,1.225
887,1.555,1.105,1.465,1.56,1.365,1.535,1.15,1.24
888,1.57,1.12,1.455,1.55,1.38,1.525,1.165,1.22
889,1.6,1.135,1.47,1.54,1.37,1.515,1.18,1.25
890,1.615,1.135,1.46,1.555,1.385,1.53,1.195,1.23
891,1.605,1.15,1.45,1.57,1.375,1.52,1.21,1.23
892,1.62,1.165,1.465,1.56,1.39,1.51,1.2,1.21
893,1.61,1.145,1.48,1.55,1.405,1.525,1.19,1.225
894,1.625,1.145,1.495,1.54,1.42,1.54,1.18,1.24
895,1.64,1.125,1.51,1.53,1.45,1.555,1.195,1.255
896,1.63,1.115,1.525,1.545,1.465,1.545,1.21,1.27
897,1.645,1.145,1.515,1.535,1.455,1.56,1.225,1.27
898,1.675,1.135,1.53,1.55,1.47,1.575,1.225,1.26
899,1.655,1.165,1.52,1.565,1.46,1.565,1.24,1.26
900,0.99,1.03,1.015,1.0,1.015,1.015,0.99,0.99
901,0.97,1.02,1.03,0.99,1.03,1.005,0.98,1.005
902,0.985,1.035,1.045,1.005,1.045,1.02,0.995,1.035
903,0.965,1.05,1.035,0.995,1.06,1.035,1.01,1.015
904,0.955,1.065,1.025,1.01,1.05,1.05,1.01,1.045
905,0.955,1.055,1.015,1.0,1.03,1.065,1.025,1.035
906,0.97,1.07,1.005,1.015,1.03,1.08,1.04,1.035
907,0.96,1.085,1.02,1.03,1.02,1.095,1.055,1.025
908,0.975,1.1,1.035,1.045,1.035,1.11,1.045,1.015
909,0.99,1.13,1.025,1.035,1.025,1.125,1.045,1.03
910,1.005,1.12,1.04,1.025,1.04,1.14,1.06,1.06
911,0.995,1.11,1.03,1.015,1.055,1.13,1.05,1.04
912,1.01,1.14,1.045,1.015,1.07,1.12,1.04,1.055
913,1.0,1.13,1.06,1.03,1.085,1.135,1.055,1.045
914,1.015,1.12,1.05,1.045,1.075,1.125,1.045,1.035
915,1.03,1.135,1.065,1.06,1.09,1.14,1.06,1.015
916,1.02,1.15,1.055,1.075,1.105,1.13,1.075,1.045
917,1.01,1.13,1.045,1.09,1.12,1.145,1.09,1.035
918,1.025,1.145,1.045,1.08,1.135,1.135,1.105,1.035
919,1.04,1.16,1.035,1.095,1.15,1.15,1.12,1.035
920,1.055,1.175,1.025,1.085,1.14,1.165,1.11,1.035
921,1.035,1.205,1.015,1.075,1.155,1.18,1.125,1.035
922,1.025,1.185,1.005,1.09,1.17,1.195,1.115,1.015
923,1.025,1.165,1.02,1.08,1.185,1.21,1.13,0.995
924,1.025,1.18,1.01,1.095,1.2,1.21,1.145,0.975
925,1.04,1.21,1.025,1.11,1.215,1.21,1.135,1.005
926,1.055,1.225,1.04,1.11,1.23,1.225,1.125,1.035
927,1.07,1.24,1.055,1.125,1.245,1.215,1.14,1.035
928,1.06,1.23,1.045,1.14,1.26,1.23,1.155,1.05
929,1.04,1.245,1.06,1.13,1.275,1.22,1.145,1.08
930,1.055,1.225,1.06,1.13,1.29,1.235,1.135,1.08
931,1.045,1.24,1.05,1.145,1.29,1.25,1.15,1.095
932,1.06,1.23,1.065,1.135,1.305,1.265,1.14,1.085
933,1.05,1.22,1.055,1.15,1.295,1.28,1.13,1.065
934,1.08,1.21,1.07,1.165,1.295,1.27,1.13,1.08
935,1.095,1.225,1.06,1.18,1.285,1.26,1.145,1.11
936,1.085,1.255,1.05,1.17,1.3,1.26,1.16,1.14
937,1.115,1.245,1.065,1.185,1.315,1.25,1.15,1.12
938,1.13,1.26,1.08,1.175,1.33,1.265,1.14,1.12
939,1.13,1.25,1.095,1.165,1.345,1.28,1.155,1.11
940,1.12,1.28,1.11,1.155,1.335,1.27,1.17,1.11
941,1.135,1.27,1.1,1.17,1.325,1.27,1.16,1.14
942,1.15,1.25,1.115,1.185,1.315,1.26,1.15,1.13
943,1.18,1.265,1.105,1.175,1.33,1.25,1.165,1.145
944,1.195,1.28,1.12,1.19,1.32,1.24,1.18,1.125
945,1.21,1.27,1.12,1.18,1.31,1.23,1.17,1.14
946,1.24,1.285,1.135,1.17,1.31,1.22,1.185,1.14
947,1.255,1.275,1.15,1.185,1.325,1.235,1.2,1.155
948,1.255,1.265,1.14,1.175,1.315,1.25,1.215,1.17
949,1.27,1.245,1.155,1.165,1.33,1.24,1.23,1.17
950,1.25,1.235,1.17,1.18,1.32,1.23,1.22,1.15
951,1.265,1.25,1.17,1.17,1.31,1.23,1.235,1.14
952,1.245,1.24,1.185,1.185,1.325,1.22,1.235,1.13
953,1.235,1.27,1.175,1.175,1.34,1.235,1.25,1.16
954,1.25,1.285,1.165,1.175,1.33,1.25,1.265,1.14
955,1.265,1.275,1.165,1.175,1.345,1.25,1.28,1.17
956,1.28,1.29,1.18,1.19,1.36,1.24,1.295,1.15
957,1.295,1.27,1.195,1.18,1.375,1.255,1.285,1.13
958,1.31,1.285,1.21,1.195,1.39,1.27,1.275,1.11
959,1.325,1.3,1.21,1.185,1.405,1.285,1.275,1.11
960,1.315,1.33,1.2,1.185,1.42,1.275,1.265,1.14
961,1.33,1.345,1.215,1.175,1.41,1.29,1.28,1.14
962,1.345,1.375,1.23,1.19,1.425,1.28,1.295,1.155
963,1.36,1.375,1.23,1.205,1.425,1.27,1.295,1.135
964,1.375,1.365,1.23,1.22,1.415,1.285,1.31,1.115
965,1.365,1.38,1.23,1.21,1.405,1.3,1.325,1.115
966,1.38,1.395,1.245,1.225,1.42,1.29,1.34,1.105
967,1.395,1.385,1.26,1.24,1.435,1.305,1.34,1.12
968,1.41,1.375,1.25,1.255,1.435,1.295,1.33,1.15
969,1.425,1.39,1.265,1.245,1.435,1.31,1.32,1.165
970,1.44,1.39,1.28,1.26,1.45,1.3,1.335,1.195
971,1.43,1.405,1.27,1.275,1.44,1.29,1.335,1.185
972,1.42,1.42,1.285,1.29,1.455,1.305,1.35,1.165
973,1.41,1.435,1.3,1.29,1.445,1.295,1.34,1.145
974,1.4,1.45,1.29,1.305,1.46,1.31,1.33,1.16
975,1.43,1.465,1.28,1.32,1.45,1.325,1.345,1.19
976,1.41,1.445,1.295,1.335,1.44,1.34,1.36,1.17
977,1.41,1.46,1.285,1.35,1.455,1.33,1.375,1.2
978,1.425,1.475,1.3,1.34,1.445,1.32,1.365,1.215
979,1.44,1.455,1.29,1.355,1.435,1.31,1.38,1.245
980,1.455,1.445,1.28,1.345,1.45,1.3,1.395,1.245
981,1.47,1.445,1.27,1.335,1.465,1.315,1.41,1.235
982,1.5,1.475,1.285,1.35,1.48,1.305,1.4,1.215
983,1.515,1.455,1.3,1.365,1.495,1.32,1.415,1.215
984,1.53,1.455,1.315,1.38,1.51,1.31,1.43,1.205
985,1.52,1.445,1.33,1.395,1.51,1.3,1.43,1.235
986,1.535,1.445,1.345,1.41,1.5,1.29,1.42,1.235
987,1.55,1.46,1.36,1.425,1.515,1.305,1.41,1.25
988,1.54,1.49,1.375,1.44,1.505,1.295,1.425,1.23
989,1.57,1.505,1.39,1.43,1.495,1.295,1.44,1.245
990,1.585,1.52,1.405,1.445,1.495,1.31,1.455,1.235
991,1.615,1.51,1.395,1.46,1.51,1.3,1.445,1.265
992,1.645,1.5,1.385,1.475,1.525,1.315,1.435,1.255
993,1.645,1.49,1.375,1.475,1.54,1.315,1.45,1.245
994,1.675,1.52,1.39,1.465,1.54,1.33,1.465,1.245
995,1.705,1.535,1.405,1.455,1.54,1.32,1.455,1.275
996,1.705,1.55,1.395,1.445,1.555,1.335,1.47,1.265
997,1.705,1.565,1.385,1.46,1.57,1.325,1.485,1.265
998,1.72,1.58,1.385,1.475,1.585,1.315,1.5,1.28
999,1.7,1.61,1.4,1.465,1.6,1.33,1.49,1.28
